RPM,Electrical Power
1.000000000000000000e+01,6.515441400241210254e-03
1.079079079079079051e+01,7.586654194618414233e-03
1.158158158158158102e+01,8.739354945174694980e-03
1.237237237237237153e+01,9.973543531608453083e-03
1.316316316316316382e+01,1.128921982511372005e-02
1.395395395395395433e+01,1.268638368838014875e-02
1.474474474474474484e+01,1.416503497559310973e-02
1.553553553553553712e+01,1.572517353243369290e-02
1.632632632632632763e+01,1.736679919607877348e-02
1.711711711711711814e+01,1.908991179520097906e-02
1.790790790790790865e+01,2.089451114996889597e-02
1.869869869869869916e+01,2.278059707204689935e-02
1.948948948948948967e+01,2.474816936459540984e-02
2.028028028028028018e+01,2.679722782227082420e-02
2.107107107107107424e+01,2.892777223122555003e-02
2.186186186186186120e+01,3.113980236910815144e-02
2.265265265265265526e+01,3.343331800506338380e-02
2.344344344344344222e+01,3.580831889973214166e-02
2.423423423423423628e+01,3.826480480525176753e-02
2.502502502502502679e+01,4.080277546525582638e-02
2.581581581581581730e+01,4.342223061487431035e-02
2.660660660660660781e+01,4.612316998073381913e-02
2.739739739739739832e+01,4.890559328095742120e-02
2.818818818818818883e+01,5.176950022516486200e-02
2.897897897897897934e+01,5.471489051447257085e-02
2.976976976976976985e+01,5.774176384149377200e-02
3.056056056056056036e+01,6.085011989033863727e-02
3.135135135135135442e+01,6.403995833661421666e-02
3.214214214214214849e+01,6.731127884742460488e-02
3.293293293293293544e+01,7.066408108137102462e-02
3.372372372372372240e+01,7.409836468855192371e-02
3.451451451451451646e+01,7.761412931056314857e-02
3.530530530530531053e+01,8.121137458049773605e-02
3.609609609609609748e+01,8.489010012294646856e-02
3.688688688688688444e+01,8.865030555399749934e-02
3.767767767767767850e+01,9.249199048123685207e-02
3.846846846846847257e+01,9.641515450374814333e-02
3.925925925925925952e+01,1.004197972121132348e-01
4.005005005005005358e+01,1.045059181884116645e-01
4.084084084084084054e+01,1.086735170062211042e-01
4.163163163163163460e+01,1.129225932306177349e-01
4.242242242242242156e+01,1.172531464181757604e-01
4.321321321321321562e+01,1.216651761169679768e-01
4.400400400400400969e+01,1.261586818665660081e-01
4.479479479479479664e+01,1.307336631980394459e-01
4.558558558558559071e+01,1.353901196339576674e-01
4.637637637637637766e+01,1.401280506883882115e-01
4.716716716716717173e+01,1.449474558668981672e-01
4.795795795795795868e+01,1.498483346665535343e-01
4.874874874874875275e+01,1.548306865759196960e-01
4.953953953953953970e+01,1.598945110750617238e-01
5.033033033033033377e+01,1.650398076355437671e-01
5.112112112112112072e+01,1.702665757204304964e-01
5.191191191191191479e+01,1.755748147842857154e-01
5.270270270270270885e+01,1.809645242731736103e-01
5.349349349349349581e+01,1.864357036246586385e-01
5.428428428428428987e+01,1.919883522678051402e-01
5.507507507507507682e+01,1.976224696231782263e-01
5.586586586586587089e+01,2.033380551028436956e-01
5.665665665665665784e+01,2.091351081103678677e-01
5.744744744744745191e+01,2.150136280408181388e-01
5.823823823823823886e+01,2.209736142807629811e-01
5.902902902902903293e+01,2.270150662082721371e-01
5.981981981981981988e+01,2.331379831929163149e-01
6.061061061061061395e+01,2.393423645957685197e-01
6.140140140140140801e+01,2.456282097694031108e-01
6.219219219219219497e+01,2.519955180578958842e-01
6.298298298298298903e+01,2.584442887968255165e-01
6.377377377377377599e+01,2.649745213132727595e-01
6.456456456456456294e+01,2.715862149258201907e-01
6.535535535535535701e+01,2.782793689445537400e-01
6.614614614614615107e+01,2.850539826710616897e-01
6.693693693693694513e+01,2.919100553984352309e-01
6.772772772772773919e+01,2.988475864112690727e-01
6.851851851851851904e+01,3.058665749856605554e-01
6.930930930930931311e+01,3.129670203892117031e-01
7.010010010010010717e+01,3.201489218810271153e-01
7.089089089089088702e+01,3.274122787117152988e-01
7.168168168168168108e+01,3.347570901233900553e-01
7.247247247247247515e+01,3.421833553496685387e-01
7.326326326326326921e+01,3.496910736156721988e-01
7.405405405405406327e+01,3.572802441380278915e-01
7.484484484484484312e+01,3.649508661248667130e-01
7.563563563563563719e+01,3.727029387758254986e-01
7.642642642642643125e+01,3.805364612820460457e-01
7.721721721721722531e+01,3.884514328261760574e-01
7.800800800800801937e+01,3.964478525823678656e-01
7.879879879879879923e+01,4.045257197162811513e-01
7.958958958958959329e+01,4.126850333850814456e-01
8.038038038038038735e+01,4.209257927374390751e-01
8.117117117117118141e+01,4.292479969135340467e-01
8.196196196196196126e+01,4.376516450450499973e-01
8.275275275275275533e+01,4.461367362551799109e-01
8.354354354354354939e+01,4.547032696586231770e-01
8.433433433433434345e+01,4.633512443615868670e-01
8.512512512512512330e+01,4.720806594617851792e-01
8.591591591591591737e+01,4.808915140484418815e-01
8.670670670670671143e+01,4.897838072022869804e-01
8.749749749749750549e+01,4.987575379955601074e-01
8.828828828828829955e+01,5.078127054920102967e-01
8.907907907907907941e+01,5.169493087468933767e-01
8.986986986986987347e+01,5.261673468069767434e-01
9.066066066066066753e+01,5.354668187105355859e-01
9.145145145145146159e+01,5.448477234873561059e-01
9.224224224224224145e+01,5.543100601587328535e-01
9.303303303303303551e+01,5.638538277374719465e-01
9.382382382382382957e+01,5.734790252278899603e-01
9.461461461461462363e+01,5.831856516258128176e-01
9.540540540540541770e+01,5.929737059185792303e-01
9.619619619619619755e+01,6.028431870850377017e-01
9.698698698698699161e+01,6.127940940955491911e-01
9.777777777777778567e+01,6.228264259119865587e-01
9.856856856856857974e+01,6.329401814877341215e-01
9.935935935935935959e+01,6.431353597676876532e-01
1.001501501501501536e+02,6.534119596882582703e-01
1.009409409409409477e+02,6.637699801773666586e-01
1.017317317317317418e+02,6.742094201544495125e-01
1.025225225225225216e+02,6.847302785304548722e-01
1.033133133133133157e+02,6.953325542078464538e-01
1.041041041041041098e+02,7.060162460805999851e-01
1.048948948948949038e+02,7.167813530342082018e-01
1.056856856856856979e+02,7.276278739456741862e-01
1.064764764764764777e+02,7.385558076835191388e-01
1.072672672672672718e+02,7.495651531077807128e-01
1.080580580580580659e+02,7.606559090700080183e-01
1.088488488488488599e+02,7.718280744132686166e-01
1.096396396396396398e+02,7.830816479721454115e-01
1.104304304304304338e+02,7.944166285727383148e-01
1.112212212212212279e+02,8.058330150326622476e-01
1.120120120120120220e+02,8.173308061610520259e-01
1.128028028028028160e+02,8.289100007585569196e-01
1.135935935935935959e+02,8.405705976173448724e-01
1.143843843843843899e+02,8.523125955211029448e-01
1.151751751751751840e+02,8.641359932450337622e-01
1.159659659659659781e+02,8.760407895558617319e-01
1.167567567567567579e+02,8.880269832118274920e-01
1.175475475475475520e+02,9.000945729626923519e-01
1.183383383383383460e+02,9.122435575497377380e-01
1.191291291291291401e+02,9.244739357057625284e-01
1.199199199199199342e+02,9.367857061550873832e-01
1.207107107107107140e+02,9.491788676135550773e-01
1.215015015015015081e+02,9.616534187885263929e-01
1.222922922922923021e+02,9.742093583788833389e-01
1.230830830830830962e+02,9.868466850750331476e-01
1.238738738738738761e+02,9.995653975589003926e-01
1.246646646646646701e+02,1.012365494503935093e+00
1.254554554554554642e+02,1.025246974575108272e+00
1.262462462462462582e+02,1.038209836428915178e+00
1.270370370370370381e+02,1.051254078713371287e+00
1.278278278278278322e+02,1.064379700068020185e+00
1.286186186186186262e+02,1.077586699123926683e+00
1.294094094094094203e+02,1.090875074503679265e+00
1.302002002002002143e+02,1.104244824821393189e+00
1.309909909909910084e+02,1.117695948682707607e+00
1.317817817817817740e+02,1.131228444684787338e+00
1.325725725725725965e+02,1.144842311416323311e+00
1.333633633633633622e+02,1.158537547457530570e+00
1.341541541541541562e+02,1.172314151380156044e+00
1.349449449449449503e+02,1.186172121747466335e+00
1.357357357357357444e+02,1.200111457114260594e+00
1.365265265265265384e+02,1.214132156026863196e+00
1.373173173173173325e+02,1.228234217023127961e+00
1.381081081081081265e+02,1.242417638632437038e+00
1.388988988988989206e+02,1.256682419375699133e+00
1.396896896896896862e+02,1.271028557765355060e+00
1.404804804804804803e+02,1.285456052305373298e+00
1.412712712712712744e+02,1.299964901491252878e+00
1.420620620620620684e+02,1.314555103810023384e+00
1.428528528528528625e+02,1.329226657740244955e+00
1.436436436436436566e+02,1.343979561752009833e+00
1.444344344344344506e+02,1.358813814306940371e+00
1.452252252252252447e+02,1.373729413858189918e+00
1.460160160160160387e+02,1.388726358850447484e+00
1.468068068068068044e+02,1.403804647719931520e+00
1.475975975975975985e+02,1.418964278894395914e+00
1.483883883883883925e+02,1.434205250793127995e+00
1.491791791791791866e+02,1.449527561826946309e+00
1.499699699699699806e+02,1.464931210398207950e+00
1.507607607607607747e+02,1.480416194900802340e+00
1.515515515515515688e+02,1.495982513720153229e+00
1.523423423423423628e+02,1.511630165233222911e+00
1.531331331331331285e+02,1.527359147808506012e+00
1.539239239239239225e+02,1.543169459806037036e+00
1.547147147147147166e+02,1.559061099577385701e+00
1.555055055055055107e+02,1.575034065465662270e+00
1.562962962962963047e+02,1.591088355805507781e+00
1.570870870870870988e+02,1.607223968923109370e+00
1.578778778778778928e+02,1.623440903136187607e+00
1.586686686686686869e+02,1.639739156754001836e+00
1.594594594594594810e+02,1.656118728077356383e+00
1.602502502502502466e+02,1.672579615398590347e+00
1.610410410410410407e+02,1.689121817001584036e+00
1.618318318318318347e+02,1.705745331161759859e+00
1.626226226226226288e+02,1.722450156146085432e+00
1.634134134134134229e+02,1.739236290213059810e+00
1.642042042042042169e+02,1.756103731612733254e+00
1.649949949949950110e+02,1.773052478586696790e+00
1.657857857857858050e+02,1.790082529368080877e+00
1.665765765765765991e+02,1.807193882181563627e+00
1.673673673673673647e+02,1.824386535243367025e+00
1.681581581581581588e+02,1.841660486761253823e+00
1.689489489489489529e+02,1.859015734934537534e+00
1.697397397397397469e+02,1.876452277954071990e+00
1.705305305305305410e+02,1.893970114002260452e+00
1.713213213213213351e+02,1.911569241253048945e+00
1.721121121121121291e+02,1.929249657871934698e+00
1.729029029029029232e+02,1.947011362015959257e+00
1.736936936936937173e+02,1.964854351833711599e+00
1.744844844844844829e+02,1.982778625465332345e+00
1.752752752752752770e+02,2.000784181042507548e+00
1.760660660660660710e+02,2.018871016688474018e+00
1.768568568568568651e+02,2.037039130518020436e+00
1.776476476476476591e+02,2.055288520637479355e+00
1.784384384384384532e+02,2.073619185144740307e+00
1.792292292292292473e+02,2.092031122129244913e+00
1.800200200200200413e+02,2.110524329671976673e+00
1.808108108108108354e+02,2.129098805845486275e+00
1.816016016016016010e+02,2.147754548713863620e+00
1.823923923923923951e+02,2.166491556332760027e+00
1.831831831831831892e+02,2.185309826749378903e+00
1.839739739739739832e+02,2.204209358002474861e+00
1.847647647647647773e+02,2.223190148122359044e+00
1.855555555555555713e+02,2.242252195130901349e+00
1.863463463463463654e+02,2.261395497041520208e+00
1.871371371371371595e+02,2.280620051859199027e+00
1.879279279279279535e+02,2.299925857580470634e+00
1.887187187187187192e+02,2.319312912193430165e+00
1.895095095095095132e+02,2.338781213677728843e+00
1.903003003003003073e+02,2.358330760004574866e+00
1.910910910910911014e+02,2.377961549136738739e+00
1.918818818818818954e+02,2.397673579028547497e+00
1.926726726726726895e+02,2.417466847625888704e+00
1.934634634634634835e+02,2.437341352866211341e+00
1.942542542542542776e+02,2.457297092678523587e+00
1.950450450450450433e+02,2.477334064983399919e+00
1.958358358358358373e+02,2.497452267692971795e+00
1.966266266266266314e+02,2.517651698710936081e+00
1.974174174174174254e+02,2.537932355932551065e+00
1.982082082082082195e+02,2.558294237244641778e+00
1.989989989989990136e+02,2.578737340525596888e+00
1.997897897897898076e+02,2.599261663645365150e+00
2.005805805805806017e+02,2.619867204465466060e+00
2.013713713713713958e+02,2.640553960838984970e+00
2.021621621621621614e+02,2.661321930610569986e+00
2.029529529529529555e+02,2.682171111616440839e+00
2.037437437437437495e+02,2.703101501684386676e+00
2.045345345345345436e+02,2.724113098633750951e+00
2.053253253253253376e+02,2.745205900275465627e+00
2.061161161161161317e+02,2.766379904412018753e+00
2.069069069069069258e+02,2.787635108837470010e+00
2.076976976976977198e+02,2.808971511337459148e+00
2.084884884884885139e+02,2.830389109689184668e+00
2.092792792792792795e+02,2.851887901661418923e+00
2.100700700700700736e+02,2.873467885014515222e+00
2.108608608608608677e+02,2.895129057500391845e+00
2.116516516516516617e+02,2.916871416862540034e+00
2.124424424424424558e+02,2.938694960836036429e+00
2.132332332332332498e+02,2.960599687147512427e+00
2.140240240240240439e+02,2.982585593515191036e+00
2.148148148148148380e+02,3.004652677648867787e+00
2.156056056056056320e+02,3.026800937249908507e+00
2.163963963963963977e+02,3.049030370011263091e+00
2.171871871871871917e+02,3.071340973617456171e+00
2.179779779779779858e+02,3.093732745744588009e+00
2.187687687687687799e+02,3.116205684060344261e+00
2.195595595595595739e+02,3.138759786223982218e+00
2.203503503503503680e+02,3.161395049886345454e+00
2.211411411411411621e+02,3.184111472689854061e+00
2.219319319319319561e+02,3.206909052268513971e+00
2.227227227227227502e+02,3.229787786247904968e+00
2.235135135135135158e+02,3.252747672245197563e+00
2.243043043043043099e+02,3.275788707869143224e+00
2.250950950950951039e+02,3.298910890720077482e+00
2.258858858858858980e+02,3.322114218389911056e+00
2.266766766766766921e+02,3.345398688462155157e+00
2.274674674674674861e+02,3.368764298511897071e+00
2.282582582582582802e+02,3.392211046105812589e+00
2.290490490490490743e+02,3.415738928802163343e+00
2.298398398398398683e+02,3.439347944150795922e+00
2.306306306306306340e+02,3.463038089693151633e+00
2.314214214214214280e+02,3.486809362962260295e+00
2.322122122122122221e+02,3.510661761482732679e+00
2.330030030030030161e+02,3.534595282770778724e+00
2.337937937937938102e+02,3.558609924334190655e+00
2.345845845845846043e+02,3.582705683672361197e+00
2.353753753753753983e+02,3.606882558276270245e+00
2.361661661661661924e+02,3.631140545628488869e+00
2.369569569569569580e+02,3.655479643203182860e+00
2.377477477477477521e+02,3.679899848466117174e+00
2.385385385385385462e+02,3.704401158874639499e+00
2.393293293293293402e+02,3.728983571877708236e+00
2.401201201201201343e+02,3.753647084915860521e+00
2.409109109109109284e+02,3.778391695421248198e+00
2.417017017017017224e+02,3.803217400817606730e+00
2.424924924924925165e+02,3.828124198520275634e+00
2.432832832832833105e+02,3.853112085936188702e+00
2.440740740740740762e+02,3.878181060463885110e+00
2.448648648648648702e+02,3.903331119493493873e+00
2.456556556556556643e+02,3.928562260406765372e+00
2.464464464464464584e+02,3.953874480577029615e+00
2.472372372372372524e+02,3.979267777369224657e+00
2.480280280280280465e+02,4.004742148139896152e+00
2.488188188188188406e+02,4.030297590237188921e+00
2.496096096096096346e+02,4.055934101000854497e+00
2.504004004004004287e+02,4.081651677762245356e+00
2.511911911911911943e+02,4.107450317844327792e+00
2.519819819819819884e+02,4.133330018561664154e+00
2.527727727727727824e+02,4.159290777220425284e+00
2.535635635635635765e+02,4.185332591118399392e+00
2.543543543543543706e+02,4.211455457544972525e+00
2.551451451451451646e+02,4.237659373781141880e+00
2.559359359359359587e+02,4.263944337099519366e+00
2.567267267267267243e+02,4.290310344764316497e+00
2.575175175175175468e+02,4.316757394031367490e+00
2.583083083083083125e+02,4.343285482148115051e+00
2.590990990990991349e+02,4.369894606353611266e+00
2.598898898898899006e+02,4.396584763878524704e+00
2.606806806806806662e+02,4.423355951945132425e+00
2.614714714714714887e+02,4.450208167767340406e+00
2.622622622622623112e+02,4.477141408550647128e+00
2.630530530530530768e+02,4.504155671492187096e+00
2.638438438438438425e+02,4.531250953780700641e+00
2.646346346346346650e+02,4.558427252596554347e+00
2.654254254254254306e+02,4.585684565111726840e+00
2.662162162162162531e+02,4.613022888489818563e+00
2.670070070070070187e+02,4.640442219886043773e+00
2.677977977977978412e+02,4.667942556447245650e+00
2.685885885885886069e+02,4.695523895311885632e+00
2.693793793793793725e+02,4.723186233610046081e+00
2.701701701701701950e+02,4.750929568463434727e+00
2.709609609609609606e+02,4.778753896985376670e+00
2.717517517517517831e+02,4.806659216280827707e+00
2.725425425425425487e+02,4.834645523446362780e+00
2.733333333333333712e+02,4.862712815570192859e+00
2.741241241241241369e+02,4.890861089732146283e+00
2.749149149149149594e+02,4.919090343003679422e+00
2.757057057057057250e+02,4.947400572447883782e+00
2.764964964964964906e+02,4.975791775119462912e+00
2.772872872872873131e+02,5.004263948064774148e+00
2.780780780780780788e+02,5.032817088321785093e+00
2.788688688688689012e+02,5.061451192920104702e+00
2.796596596596596669e+02,5.090166258880967298e+00
2.804504504504504894e+02,5.118962283217252107e+00
2.812412412412412550e+02,5.147839262933453064e+00
2.820320320320320775e+02,5.176797195025711673e+00
2.828228228228228431e+02,5.205836076481806352e+00
2.836136136136136088e+02,5.234955904281139105e+00
2.844044044044044313e+02,5.264156675394758622e+00
2.851951951951951969e+02,5.293438386785351391e+00
2.859859859859860194e+02,5.322801035407232817e+00
2.867767767767767850e+02,5.352244618206366766e+00
2.875675675675676075e+02,5.381769132120351351e+00
2.883583583583583732e+02,5.411374574078425148e+00
2.891491491491491956e+02,5.441060941001475193e+00
2.899399399399399613e+02,5.470828229802020104e+00
2.907307307307307269e+02,5.500676437384229622e+00
2.915215215215215494e+02,5.530605560643908625e+00
2.923123123123123150e+02,5.560615596468519328e+00
2.931031031031031375e+02,5.590706541737156421e+00
2.938938938938939032e+02,5.620878393320573707e+00
2.946846846846847257e+02,5.651131148081156574e+00
2.954754754754754913e+02,5.681464802872944198e+00
2.962662662662662569e+02,5.711879354541633091e+00
2.970570570570570794e+02,5.742374799924559348e+00
2.978478478478478451e+02,5.772951135850719062e+00
2.986386386386386675e+02,5.803608359140746131e+00
2.994294294294294332e+02,5.834346466606924686e+00
3.002202202202202557e+02,5.865165455053217514e+00
3.010110110110110213e+02,5.896065321275210103e+00
3.018018018018018438e+02,5.927046062060157716e+00
3.025925925925926094e+02,5.958107674186972069e+00
3.033833833833833751e+02,5.989250154426213335e+00
3.041741741741741976e+02,6.020473499540107021e+00
3.049649649649649632e+02,6.051777706282525315e+00
3.057557557557557857e+02,6.083162771399011071e+00
3.065465465465465513e+02,6.114628691626760038e+00
3.073373373373373738e+02,6.146175463694624419e+00
3.081281281281281395e+02,6.177803084323126193e+00
3.089189189189189619e+02,6.209511550224446452e+00
3.097097097097097276e+02,6.241300858102424520e+00
3.105005005005004932e+02,6.273171004652565941e+00
3.112912912912913157e+02,6.305121986562047809e+00
3.120820820820820813e+02,6.337153800509696566e+00
3.128728728728729038e+02,6.369266443166019975e+00
3.136636636636636695e+02,6.401459911193195573e+00
3.144544544544544920e+02,6.433734201245049356e+00
3.152452452452452576e+02,6.466089309967090415e+00
3.160360360360360801e+02,6.498525233996494954e+00
3.168268268268268457e+02,6.531041969962108951e+00
3.176176176176176114e+02,6.563639514484449045e+00
3.184084084084084338e+02,6.596317864175716750e+00
3.191991991991991995e+02,6.629077015639762926e+00
3.199899899899900220e+02,6.661916965472126861e+00
3.207807807807807876e+02,6.694837710260024721e+00
3.215715715715716101e+02,6.727839246582341559e+00
3.223623623623623757e+02,6.760921571009645525e+00
3.231531531531531982e+02,6.794084680104183427e+00
3.239439439439439639e+02,6.827328570419870957e+00
3.247347347347347295e+02,6.860653238502302464e+00
3.255255255255255520e+02,6.894058680888774937e+00
3.263163163163163176e+02,6.927544894108229379e+00
3.271071071071071401e+02,6.961111874681335188e+00
3.278978978978979058e+02,6.994759619120395122e+00
3.286886886886887282e+02,7.028488123929441223e+00
3.294794794794794939e+02,7.062297385604152211e+00
3.302702702702703164e+02,7.096187400631923659e+00
3.310610610610610820e+02,7.130158165491812916e+00
3.318518518518518476e+02,7.164209676654586190e+00
3.326426426426426701e+02,7.198341930582685677e+00
3.334334334334334358e+02,7.232554923730231344e+00
3.342242242242242583e+02,7.266848652543067111e+00
3.350150150150150239e+02,7.301223113458688019e+00
3.358058058058058464e+02,7.335678302906329940e+00
3.365965965965966120e+02,7.370214217306864768e+00
3.373873873873874345e+02,7.404830853072904340e+00
3.381781781781782001e+02,7.439528206608717831e+00
3.389689689689689658e+02,7.474306274310314357e+00
3.397597597597597883e+02,7.509165052565363929e+00
3.405505505505505539e+02,7.544104537753248962e+00
3.413413413413413764e+02,7.579124726245047405e+00
3.421321321321321420e+02,7.614225614403538955e+00
3.429229229229229645e+02,7.649407198583191736e+00
3.437137137137137302e+02,7.684669475130204930e+00
3.445045045045045526e+02,7.720012440382444829e+00
3.452952952952953183e+02,7.755436090669506122e+00
3.460860860860860839e+02,7.790940422312671920e+00
3.468768768768769064e+02,7.826525431624942186e+00
3.476676676676676720e+02,7.862191114911023959e+00
3.484584584584584945e+02,7.897937468467319810e+00
3.492492492492492602e+02,7.933764488581934948e+00
3.500400400400400827e+02,7.969672171534718963e+00
3.508308308308308483e+02,8.005660513597190331e+00
3.516216216216216708e+02,8.041729511032610134e+00
3.524124124124124364e+02,8.077879160095925215e+00
3.532032032032032021e+02,8.114109457033821471e+00
3.539939939939940245e+02,8.150420398084667895e+00
3.547847847847847902e+02,8.186811979478573420e+00
3.555755755755756127e+02,8.223284197437362053e+00
3.563663663663663783e+02,8.259837048174560437e+00
3.571571571571572008e+02,8.296470527895422720e+00
3.579479479479479664e+02,8.333184632796916347e+00
3.587387387387387889e+02,8.369979359067745150e+00
3.595295295295295546e+02,8.406854702888301389e+00
3.603203203203203202e+02,8.443810660430726145e+00
3.611111111111111427e+02,8.480847227858884452e+00
3.619019019019019083e+02,8.517964401328340429e+00
3.626926926926927308e+02,8.555162176986415901e+00
3.634834834834834965e+02,8.592440550972124669e+00
3.642742742742743189e+02,8.629799519416232911e+00
3.650650650650650846e+02,8.667239078441221878e+00
3.658558558558559071e+02,8.704759224161312758e+00
3.666466466466466727e+02,8.742359952682441815e+00
3.674374374374374383e+02,8.780041260102287026e+00
3.682282282282282608e+02,8.817803142510248549e+00
3.690190190190190265e+02,8.855645595987466479e+00
3.698098098098098490e+02,8.893568616606822630e+00
3.706006006006006146e+02,8.931572200432915665e+00
3.713913913913914371e+02,8.969656343522103725e+00
3.721821821821822027e+02,9.007821041922445815e+00
3.729729729729730252e+02,9.046066291673774629e+00
3.737637637637637908e+02,9.084392088807641485e+00
3.745545545545545565e+02,9.122798429347346527e+00
3.753453453453453790e+02,9.161285309307929836e+00
3.761361361361361446e+02,9.199852724696169659e+00
3.769269269269269671e+02,9.238500671510587736e+00
3.777177177177177327e+02,9.277229145741451077e+00
3.785085085085085552e+02,9.316038143370777291e+00
3.792992992992993209e+02,9.354927660372320375e+00
3.800900900900900865e+02,9.393897692711588476e+00
3.808808808808809090e+02,9.432948236345842119e+00
3.816716716716716746e+02,9.472079287224072885e+00
3.824624624624624971e+02,9.511290841287044273e+00
3.832532532532532628e+02,9.550582894467252615e+00
3.840440440440440852e+02,9.589955442688967935e+00
3.848348348348348509e+02,9.629408481868189540e+00
3.856256256256256734e+02,9.668942007912695757e+00
3.864164164164164390e+02,9.708556016721997750e+00
3.872072072072072046e+02,9.748250504187373267e+00
3.879979979979980271e+02,9.788025466191866641e+00
3.887887887887887928e+02,9.827880898610269256e+00
3.895795795795796153e+02,9.867816797309131971e+00
3.903703703703703809e+02,9.907833158146781116e+00
3.911611611611612034e+02,9.947929976973282962e+00
3.919519519519519690e+02,9.988107249630473916e+00
3.927427427427427915e+02,1.002836497195197474e+01
3.935335335335335571e+02,1.006870313976314790e+01
3.943243243243243228e+02,1.010912174888112780e+01
3.951151151151151453e+02,1.014962079511482607e+01
3.959059059059059109e+02,1.019020027426490849e+01
3.966966966966967334e+02,1.023086018212380743e+01
3.974874874874874990e+02,1.027160051447575206e+01
3.982782782782783215e+02,1.031242126709672036e+01
3.990690690690690872e+02,1.035332243575447819e+01
3.998598598598599096e+02,1.039430401620854560e+01
4.006506506506506753e+02,1.043536600421023053e+01
4.014414414414414409e+02,1.047650839550261281e+01
4.022322322322322634e+02,1.051773118582055488e+01
4.030230230230230291e+02,1.055903437089069818e+01
4.038138138138138515e+02,1.060041794643146140e+01
4.046046046046046172e+02,1.064188190815302804e+01
4.053953953953954397e+02,1.068342625175740679e+01
4.061861861861862053e+02,1.072505097293832321e+01
4.069769769769770278e+02,1.076675606738134583e+01
4.077677677677677934e+02,1.080854153076380619e+01
4.085585585585585591e+02,1.085040735875480422e+01
4.093493493493493816e+02,1.089235354701527925e+01
4.101401401401401472e+02,1.093438009119788568e+01
4.109309309309309697e+02,1.097648698694712444e+01
4.117217217217217353e+02,1.101867422989926304e+01
4.125125125125125578e+02,1.106094181568236579e+01
4.133033033033033234e+02,1.110328973991630619e+01
4.140940940940941459e+02,1.114571799821272080e+01
4.148848848848849116e+02,1.118822658617504295e+01
4.156756756756756772e+02,1.123081549939853829e+01
4.164664664664664997e+02,1.127348473347023905e+01
4.172572572572572653e+02,1.131623428396898134e+01
4.180480480480480878e+02,1.135906414646541407e+01
4.188388388388388535e+02,1.140197431652196336e+01
4.196296296296296759e+02,1.144496478969287345e+01
4.204204204204204416e+02,1.148803556152420136e+01
4.212112112112112641e+02,1.153118662755377066e+01
4.220020020020020297e+02,1.157441798331125327e+01
4.227927927927927954e+02,1.161772962431810896e+01
4.235835835835836178e+02,1.166112154608760143e+01
4.243743743743743835e+02,1.170459374412480358e+01
4.251651651651652060e+02,1.174814621392661529e+01
4.259559559559559716e+02,1.179177895098172435e+01
4.267467467467467941e+02,1.183549195077064375e+01
4.275375375375375597e+02,1.187928520876569216e+01
4.283283283283283822e+02,1.192315872043102765e+01
4.291191191191191479e+02,1.196711248122258731e+01
4.299099099099099135e+02,1.201114648658813699e+01
4.307007007007007360e+02,1.205526073196728909e+01
4.314914914914915016e+02,1.209945521279143144e+01
4.322822822822823241e+02,1.214372992448381083e+01
4.330730730730730897e+02,1.218808486245946732e+01
4.338638638638639122e+02,1.223252002212527678e+01
4.346546546546546779e+02,1.227703539887994033e+01
4.354454454454455004e+02,1.232163098811399315e+01
4.362362362362362660e+02,1.236630678520975835e+01
4.370270270270270316e+02,1.241106278554143749e+01
4.378178178178178541e+02,1.245589898447503252e+01
4.386086086086086198e+02,1.250081537736837589e+01
4.393993993993994422e+02,1.254581195957114836e+01
4.401901901901902079e+02,1.259088872642483992e+01
4.409809809809810304e+02,1.263604567326277994e+01
4.417717717717717960e+02,1.268128279541013903e+01
4.425625625625626185e+02,1.272660008818393607e+01
4.433533533533533841e+02,1.277199754689300804e+01
4.441441441441441498e+02,1.281747516683802601e+01
4.449349349349349723e+02,1.286303294331152358e+01
4.457257257257257379e+02,1.290867087159784887e+01
4.465165165165165604e+02,1.295438894697323207e+01
4.473073073073073260e+02,1.300018716470569657e+01
4.480980980980981485e+02,1.304606552005514430e+01
4.488888888888889142e+02,1.309202400827330059e+01
4.496796796796797366e+02,1.313806262460376395e+01
4.504704704704705023e+02,1.318418136428197052e+01
4.512612612612612679e+02,1.323038022253518342e+01
4.520520520520520904e+02,1.327665919458255317e+01
4.528428428428428560e+02,1.332301827563506080e+01
4.536336336336336785e+02,1.336945746089553921e+01
4.544244244244244442e+02,1.341597674555869446e+01
4.552152152152152667e+02,1.346257612481106136e+01
4.560060060060060323e+02,1.350925559383104080e+01
4.567967967967967979e+02,1.355601514778891037e+01
4.575875875875876204e+02,1.360285478184679597e+01
4.583783783783783861e+02,1.364977449115867181e+01
4.591691691691692085e+02,1.369677427087037991e+01
4.599599599599599742e+02,1.374385411611962127e+01
4.607507507507507967e+02,1.379101402203598958e+01
4.615415415415415623e+02,1.383825398374091620e+01
4.623323323323323848e+02,1.388557399634770562e+01
4.631231231231231504e+02,1.393297405496152486e+01
4.639139139139139161e+02,1.398045415467942476e+01
4.647047047047047386e+02,1.402801429059031868e+01
4.654954954954955042e+02,1.407565445777497182e+01
4.662862862862863267e+02,1.412337465130607761e+01
4.670770770770770923e+02,1.417117486624815115e+01
4.678678678678679148e+02,1.421905509765760023e+01
4.686586586586586805e+02,1.426701534058270404e+01
4.694494494494495029e+02,1.431505559006363271e+01
4.702402402402402686e+02,1.436317584113242773e+01
4.710310310310310342e+02,1.441137608881302512e+01
4.718218218218218567e+02,1.445965632812123580e+01
4.726126126126126223e+02,1.450801655406472612e+01
4.734034034034034448e+02,1.455645676164307822e+01
4.741941941941942105e+02,1.460497694584775452e+01
4.749849849849850330e+02,1.465357710166212080e+01
4.757757757757757986e+02,1.470225722406138402e+01
4.765665665665666211e+02,1.475101730801269184e+01
4.773573573573573867e+02,1.479985734847505796e+01
4.781481481481481524e+02,1.484877734039938879e+01
4.789389389389389748e+02,1.489777727872847457e+01
4.797297297297297405e+02,1.494685715839704265e+01
4.805205205205205630e+02,1.499601697433167047e+01
4.813113113113113286e+02,1.504525672145084592e+01
4.821021021021021511e+02,1.509457639466497803e+01
4.828928928928929167e+02,1.514397598887634189e+01
4.836836836836837392e+02,1.519345549897915149e+01
4.844744744744745049e+02,1.524301491985946910e+01
4.852652652652652705e+02,1.529265424639532966e+01
4.860560560560560930e+02,1.534237347345663416e+01
4.868468468468468586e+02,1.539217259590517095e+01
4.876376376376376811e+02,1.544205160859469217e+01
4.884284284284284468e+02,1.549201050637081778e+01
4.892192192192192692e+02,1.554204928407106401e+01
4.900100100100100349e+02,1.559216793652492505e+01
4.908008008008008574e+02,1.564236645855374341e+01
4.915915915915916230e+02,1.569264484497080403e+01
4.923823823823823886e+02,1.574300309058130587e+01
4.931731731731732111e+02,1.579344119018237436e+01
4.939639639639639768e+02,1.584395913856303473e+01
4.947547547547547993e+02,1.589455693050424401e+01
4.955455455455455649e+02,1.594523456077887502e+01
4.963363363363363874e+02,1.599599202415174481e+01
4.971271271271271530e+02,1.604682931537953650e+01
4.979179179179179755e+02,1.609774642921093601e+01
4.987087087087087411e+02,1.614874336038649361e+01
4.994994994994995068e+02,1.619982010363874636e+01
5.002902902902903293e+02,1.625097665369209921e+01
5.010810810810810949e+02,1.630221300526292083e+01
5.018718718718719174e+02,1.635352915305950816e+01
5.026626626626626830e+02,1.640492509178209701e+01
5.034534534534535055e+02,1.645640081612285499e+01
5.042442442442442712e+02,1.650795632076587438e+01
5.050350350350350936e+02,1.655959160038720412e+01
5.058258258258258593e+02,1.661130664965481785e+01
5.066166166166166249e+02,1.666310146322862806e+01
5.074074074074074474e+02,1.671497603576050039e+01
5.081981981981982130e+02,1.676693036189424291e+01
5.089889889889890355e+02,1.681896443626560256e+01
5.097797797797798012e+02,1.687107825350227230e+01
5.105705705705706237e+02,1.692327180822390886e+01
5.113613613613613893e+02,1.697554509504207232e+01
5.121521521521522118e+02,1.702789810856032560e+01
5.129429429429429774e+02,1.708033084337415985e+01
5.137337337337337431e+02,1.713284329407102646e+01
5.145245245245246224e+02,1.718543545523031568e+01
5.153153153153152743e+02,1.723810732142336377e+01
5.161061061061061537e+02,1.729085888721352404e+01
5.168968968968969193e+02,1.734369014715604607e+01
5.176876876876876850e+02,1.739660109579816094e+01
5.184784784784785643e+02,1.744959172767905642e+01
5.192692692692693299e+02,1.750266203732988757e+01
5.200600600600600956e+02,1.755581201927378387e+01
5.208508508508508612e+02,1.760904166802583148e+01
5.216416416416416268e+02,1.766235097809306609e+01
5.224324324324325062e+02,1.771573994397454044e+01
5.232232232232232718e+02,1.776920856016119288e+01
5.240140140140140375e+02,1.782275682113601434e+01
5.248048048048048031e+02,1.787638472137394885e+01
5.255955955955956824e+02,1.793009225534189000e+01
5.263863863863864481e+02,1.798387941749870222e+01
5.271771771771772137e+02,1.803774620229527059e+01
5.279679679679679793e+02,1.809169260417442615e+01
5.287587587587587450e+02,1.814571861757098148e+01
5.295495495495496243e+02,1.819982423691174134e+01
5.303403403403403900e+02,1.825400945661549201e+01
5.311311311311311556e+02,1.830827427109298000e+01
5.319219219219219212e+02,1.836261867474696530e+01
5.327127127127128006e+02,1.841704266197219297e+01
5.335035035035035662e+02,1.847154622715537542e+01
5.342942942942943318e+02,1.852612936467523852e+01
5.350850850850850975e+02,1.858079206890247903e+01
5.358758758758758631e+02,1.863553433419977523e+01
5.366666666666667425e+02,1.869035615492187929e+01
5.374574574574575081e+02,1.874525752541542545e+01
5.382482482482482737e+02,1.880023844001913247e+01
5.390390390390390394e+02,1.885529889306365448e+01
5.398298298298299187e+02,1.891043887887168751e+01
5.406206206206206843e+02,1.896565839175791268e+01
5.414114114114114500e+02,1.902095742602904238e+01
5.422022022022022156e+02,1.907633597598373854e+01
5.429929929929929813e+02,1.913179403591272276e+01
5.437837837837838606e+02,1.918733160009867333e+01
5.445745745745746262e+02,1.924294866281632466e+01
5.453653653653653919e+02,1.929864521833237845e+01
5.461561561561561575e+02,1.935442126090558190e+01
5.469469469469470368e+02,1.941027678478668861e+01
5.477377377377378025e+02,1.946621178421844789e+01
5.485285285285285681e+02,1.952222625343565809e+01
5.493193193193193338e+02,1.957832018666507778e+01
5.501101101101100994e+02,1.963449357812555718e+01
5.509009009009009787e+02,1.969074642202791381e+01
5.516916916916917444e+02,1.974707871257501779e+01
5.524824824824825100e+02,1.980349044396173852e+01
5.532732732732732757e+02,1.985998161037498022e+01
5.540640640640641550e+02,1.991655220599368548e+01
5.548548548548549206e+02,1.997320222498879261e+01
5.556456456456456863e+02,2.002993166152330318e+01
5.564364364364364519e+02,2.008674050975223224e+01
5.572272272272272176e+02,2.014362876382264034e+01
5.580180180180180969e+02,2.020059641787361571e+01
5.588088088088088625e+02,2.025764346603626009e+01
5.595995995995996282e+02,2.031476990243373493e+01
5.603903903903903938e+02,2.037197572118124000e+01
5.611811811811812731e+02,2.042926091638603481e+01
5.619719719719720388e+02,2.048662548214736745e+01
5.627627627627628044e+02,2.054406941255656349e+01
5.635535535535535701e+02,2.060159270169697265e+01
5.643443443443443357e+02,2.065919534364402210e+01
5.651351351351352150e+02,2.071687733246517027e+01
5.659259259259259807e+02,2.077463866221993527e+01
5.667167167167167463e+02,2.083247932695985938e+01
5.675075075075075119e+02,2.089039932072854100e+01
5.682982982982983913e+02,2.094839863756164888e+01
5.690890890890891569e+02,2.100647727148690791e+01
5.698798798798799226e+02,2.106463521652408488e+01
5.706706706706706882e+02,2.112287246668503116e+01
5.714614614614614538e+02,2.118118901597360448e+01
5.722522522522523332e+02,2.123958485838578270e+01
5.730430430430430988e+02,2.129805998790957133e+01
5.738338338338338644e+02,2.135661439852503918e+01
5.746246246246246301e+02,2.141524808420436088e+01
5.754154154154155094e+02,2.147396103891171748e+01
5.762062062062062751e+02,2.153275325660340656e+01
5.769969969969970407e+02,2.159162473122778181e+01
5.777877877877878063e+02,2.165057545672526018e+01
5.785785785785785720e+02,2.170960542702831830e+01
5.793693693693694513e+02,2.176871463606159196e+01
5.801601601601602169e+02,2.182790307774165584e+01
5.809509509509509826e+02,2.188717074597727219e+01
5.817417417417417482e+02,2.194651763466926653e+01
5.825325325325325139e+02,2.200594373771046719e+01
5.833233233233233932e+02,2.206544904898590431e+01
5.841141141141141588e+02,2.212503356237261443e+01
5.849049049049049245e+02,2.218469727173970796e+01
5.856956956956956901e+02,2.224444017094845094e+01
5.864864864864865694e+02,2.230426225385215133e+01
5.872772772772773351e+02,2.236416351429619809e+01
5.880680680680681007e+02,2.242414394611811090e+01
5.888588588588588664e+02,2.248420354314750469e+01
5.896496496496496320e+02,2.254434229920600785e+01
5.904404404404405113e+02,2.260456020810746836e+01
5.912312312312312770e+02,2.266485726365772280e+01
5.920220220220220426e+02,2.272523345965479535e+01
5.928128128128128083e+02,2.278568878988873792e+01
5.936036036036036876e+02,2.284622324814178285e+01
5.943943943943944532e+02,2.290683682818816891e+01
5.951851851851852189e+02,2.296752952379434021e+01
5.959759759759759845e+02,2.302830132871878277e+01
5.967667667667667502e+02,2.308915223671214534e+01
5.975575575575576295e+02,2.315008224151712568e+01
5.983483483483483951e+02,2.321109133686858073e+01
5.991391391391391608e+02,2.327217951649346972e+01
5.999299299299299264e+02,2.333334677411085778e+01
6.007207207207208057e+02,2.339459310343195853e+01
6.015115115115115714e+02,2.345591849816004881e+01
6.023023023023023370e+02,2.351732295199056821e+01
6.030930930930931027e+02,2.357880645861109414e+01
6.038838838838838683e+02,2.364036901170126725e+01
6.046746746746747476e+02,2.370201060493292289e+01
6.054654654654655133e+02,2.376373123196998804e+01
6.062562562562562789e+02,2.382553088646848494e+01
6.070470470470470445e+02,2.388740956207665533e+01
6.078378378378379239e+02,2.394936725243478648e+01
6.086286286286286895e+02,2.401140395117536741e+01
6.094194194194194552e+02,2.407351965192294685e+01
6.102102102102102208e+02,2.413571434829427886e+01
6.110010010010009864e+02,2.419798803389823405e+01
6.117917917917918658e+02,2.426034070233581375e+01
6.125825825825826314e+02,2.432277234720015713e+01
6.133733733733733970e+02,2.438528296207657320e+01
6.141641641641641627e+02,2.444787254054247327e+01
6.149549549549550420e+02,2.451054107616748823e+01
6.157457457457458077e+02,2.457328856251330151e+01
6.165365365365365733e+02,2.463611499313383746e+01
6.173273273273273389e+02,2.469902036157509784e+01
6.181181181181181046e+02,2.476200466137529332e+01
6.189089089089089839e+02,2.482506788606479375e+01
6.196996996996997495e+02,2.488821002916602865e+01
6.204904904904905152e+02,2.495143108419370037e+01
6.212812812812812808e+02,2.501473104465460651e+01
6.220720720720721602e+02,2.507810990404778906e+01
6.228628628628629258e+02,2.514156765586431774e+01
6.236536536536536914e+02,2.520510429358753512e+01
6.244444444444444571e+02,2.526871981069290030e+01
6.252352352352352227e+02,2.533241420064808835e+01
6.260260260260261020e+02,2.539618745691287671e+01
6.268168168168168677e+02,2.546003957293926234e+01
6.276076076076076333e+02,2.552397054217139782e+01
6.283983983983983990e+02,2.558798035804565885e+01
6.291891891891892783e+02,2.565206901399050210e+01
6.299799799799800439e+02,2.571623650342668199e+01
6.307707707707708096e+02,2.578048281976695577e+01
6.315615615615615752e+02,2.584480795641647433e+01
6.323523523523523409e+02,2.590921190677241981e+01
6.331431431431432202e+02,2.597369466422425432e+01
6.339339339339339858e+02,2.603825622215353519e+01
6.347247247247247515e+02,2.610289657393408547e+01
6.355155155155155171e+02,2.616761571293186606e+01
6.363063063063063964e+02,2.623241363250509650e+01
6.370970970970971621e+02,2.629729032600409155e+01
6.378878878878879277e+02,2.636224578677145658e+01
6.386786786786786934e+02,2.642728000814193123e+01
6.394694694694694590e+02,2.649239298344247118e+01
6.402602602602603383e+02,2.655758470599226939e+01
6.410510510510511040e+02,2.662285516910264960e+01
6.418418418418418696e+02,2.668820436607718349e+01
6.426326326326326353e+02,2.675363229021165168e+01
6.434234234234235146e+02,2.681913893479402944e+01
6.442142142142142802e+02,2.688472429310451162e+01
6.450050050050050459e+02,2.695038835841548774e+01
6.457957957957958115e+02,2.701613112399154915e+01
6.465865865865865771e+02,2.708195258308955289e+01
6.473773773773774565e+02,2.714785272895851875e+01
6.481681681681682221e+02,2.721383155483971095e+01
6.489589589589589878e+02,2.727988905396659902e+01
6.497497497497497534e+02,2.734602521956487564e+01
6.505405405405406327e+02,2.741224004485246724e+01
6.513313313313313984e+02,2.747853352303950203e+01
6.521221221221221640e+02,2.754490564732838465e+01
6.529129129129129296e+02,2.761135641091363624e+01
6.537037037037036953e+02,2.767788580698217515e+01
6.544944944944945746e+02,2.774449382871301140e+01
6.552852852852853403e+02,2.781118046927744203e+01
6.560760760760761059e+02,2.787794572183897657e+01
6.568668668668668715e+02,2.794478957955338316e+01
6.576576576576577509e+02,2.801171203556868150e+01
6.584484484484485165e+02,2.807871308302509306e+01
6.592392392392392821e+02,2.814579271505508729e+01
6.600300300300300478e+02,2.821295092478343136e+01
6.608208208208208134e+02,2.828018770532702675e+01
6.616116116116116928e+02,2.834750304979516500e+01
6.624024024024024584e+02,2.841489695128922932e+01
6.631931931931932240e+02,2.848236940290298236e+01
6.639839839839839897e+02,2.854992039772239920e+01
6.647747747747748690e+02,2.861754992882570292e+01
6.655655655655656346e+02,2.868525798928332549e+01
6.663563563563564003e+02,2.875304457215802145e+01
6.671471471471471659e+02,2.882090967050479335e+01
6.679379379379379316e+02,2.888885327737091302e+01
6.687287287287288109e+02,2.895687538579587894e+01
6.695195195195195765e+02,2.902497598881142338e+01
6.703103103103103422e+02,2.909315507944165802e+01
6.711011011011011078e+02,2.916141265070287147e+01
6.718918918918919871e+02,2.922974869560366074e+01
6.726826826826827528e+02,2.929816320714486011e+01
6.734734734734735184e+02,2.936665617831962649e+01
6.742642642642642841e+02,2.943522760211333633e+01
6.750550550550550497e+02,2.950387747150368867e+01
6.758458458458459290e+02,2.957260577946064473e+01
6.766366366366366947e+02,2.964141251894642437e+01
6.774274274274274603e+02,2.971029768291557360e+01
6.782182182182182260e+02,2.977926126431489706e+01
6.790090090090091053e+02,2.984830325608347579e+01
6.797997997997998709e+02,2.991742365115269209e+01
6.805905905905906366e+02,2.998662244244617270e+01
6.813813813813814022e+02,3.005589962287996997e+01
6.821721721721721678e+02,3.012525518536228120e+01
6.829629629629630472e+02,3.019468912279365824e+01
6.837537537537538128e+02,3.026420142806693647e+01
6.845445445445445785e+02,3.033379209406727028e+01
6.853353353353353441e+02,3.040346111367209758e+01
6.861261261261262234e+02,3.047320847975122149e+01
6.869169169169169891e+02,3.054303418516658297e+01
6.877077077077077547e+02,3.061293822277258414e+01
6.884984984984985203e+02,3.068292058541591416e+01
6.892892892892892860e+02,3.075298126593553150e+01
6.900800800800801653e+02,3.082312025716270298e+01
6.908708708708709310e+02,3.089333755192103226e+01
6.916616616616616966e+02,3.096363314302641356e+01
6.924524524524524622e+02,3.103400702328709571e+01
6.932432432432433416e+02,3.110445918550362521e+01
6.940340340340341072e+02,3.117498962246883565e+01
6.948248248248248728e+02,3.124559832696793649e+01
6.956156156156156385e+02,3.131628529177844200e+01
6.964064064064064041e+02,3.138705050967017485e+01
6.971971971971972835e+02,3.145789397340529092e+01
6.979879879879880491e+02,3.152881567573833266e+01
6.987787787787788147e+02,3.159981560941604073e+01
6.995695695695695804e+02,3.167089376717763827e+01
7.003603603603604597e+02,3.174205014175459993e+01
7.011511511511512253e+02,3.181328472587074430e+01
7.019419419419419910e+02,3.188459751224223737e+01
7.027327327327327566e+02,3.195598849357759619e+01
7.035235235235235223e+02,3.202745766257767457e+01
7.043143143143144016e+02,3.209900501193564537e+01
7.051051051051051672e+02,3.217063053433706443e+01
7.058958958958959329e+02,3.224233422245982439e+01
7.066866866866866985e+02,3.231411606897410849e+01
7.074774774774775778e+02,3.238597606654260375e+01
7.082682682682683435e+02,3.245791420782013148e+01
7.090590590590591091e+02,3.252993048545408072e+01
7.098498498498498748e+02,3.260202489208408139e+01
7.106406406406406404e+02,3.267419742034211083e+01
7.114314314314315197e+02,3.274644806285259335e+01
7.122222222222222854e+02,3.281877681223221543e+01
7.130130130130130510e+02,3.289118366109012470e+01
7.138038038038038167e+02,3.296366860202774518e+01
7.145945945945946960e+02,3.303623162763893362e+01
7.153853853853854616e+02,3.310887273050989421e+01
7.161761761761762273e+02,3.318159190321918572e+01
7.169669669669669929e+02,3.325438913833776411e+01
7.177577577577577586e+02,3.332726442842900383e+01
7.185485485485486379e+02,3.340021776604854864e+01
7.193393393393394035e+02,3.347324914374448923e+01
7.201301301301301692e+02,3.354635855405730638e+01
7.209209209209209348e+02,3.361954598951985673e+01
7.217117117117118141e+02,3.369281144265733019e+01
7.225025025025025798e+02,3.376615490598740621e+01
7.232932932932933454e+02,3.383957637202002644e+01
7.240840840840841111e+02,3.391307583325765052e+01
7.248748748748748767e+02,3.398665328219503579e+01
7.256656656656657560e+02,3.406030871131940785e+01
7.264564564564565217e+02,3.413404211311030423e+01
7.272472472472472873e+02,3.420785348003974491e+01
7.280380380380380529e+02,3.428174280457206891e+01
7.288288288288289323e+02,3.435571007916409059e+01
7.296196196196196979e+02,3.442975529626497888e+01
7.304104104104104636e+02,3.450387844831635675e+01
7.312012012012012292e+02,3.457807952775221594e+01
7.319919919919919948e+02,3.465235852699893826e+01
7.327827827827828742e+02,3.472671543847540931e+01
7.335735735735736398e+02,3.480115025459279821e+01
7.343643643643644054e+02,3.487566296775482755e+01
7.351551551551551711e+02,3.495025357035751767e+01
7.359459459459460504e+02,3.502492205478937137e+01
7.367367367367368161e+02,3.509966841343129573e+01
7.375275275275275817e+02,3.517449263865664477e+01
7.383183183183183473e+02,3.524939472283114839e+01
7.391091091091091130e+02,3.532437465831304024e+01
7.398998998998999923e+02,3.539943243745288726e+01
7.406906906906907579e+02,3.547456805259375301e+01
7.414814814814815236e+02,3.554978149607110538e+01
7.422722722722722892e+02,3.562507276021293734e+01
7.430630630630630549e+02,3.570044183733949694e+01
7.438538538538539342e+02,3.577588871976364970e+01
7.446446446446446998e+02,3.585141339979058728e+01
7.454354354354354655e+02,3.592701586971796246e+01
7.462262262262262311e+02,3.600269612183596024e+01
7.470170170170171104e+02,3.607845414842709886e+01
7.478078078078078761e+02,3.615428994176637900e+01
7.485985985985986417e+02,3.623020349412130514e+01
7.493893893893894074e+02,3.630619479775177183e+01
7.501801801801801730e+02,3.638226384491016319e+01
7.509709709709710523e+02,3.645841062784128894e+01
7.517617617617618180e+02,3.653463513878243418e+01
7.525525525525525836e+02,3.661093736996335934e+01
7.533433433433433493e+02,3.668731731360625758e+01
7.541341341341342286e+02,3.676377496192584005e+01
7.549249249249249942e+02,3.684031030712917953e+01
7.557157157157157599e+02,3.691692334141592369e+01
7.565065065065065255e+02,3.699361405697812444e+01
7.572972972972972912e+02,3.707038244600035881e+01
7.580880880880881705e+02,3.714722850065962945e+01
7.588788788788789361e+02,3.722415221312541433e+01
7.596696696696697018e+02,3.730115357555974498e+01
7.604604604604604674e+02,3.737823258011702876e+01
7.612512512512513467e+02,3.745538921894421236e+01
7.620420420420421124e+02,3.753262348418071070e+01
7.628328328328328780e+02,3.760993536795845671e+01
7.636236236236236437e+02,3.768732486240180179e+01
7.644144144144144093e+02,3.776479195962767221e+01
7.652052052052052886e+02,3.784233665174544115e+01
7.659959959959960543e+02,3.791995893085695002e+01
7.667867867867868199e+02,3.799765878905656535e+01
7.675775775775775855e+02,3.807543621843116455e+01
7.683683683683684649e+02,3.815329121106011456e+01
7.691591591591592305e+02,3.823122375901526482e+01
7.699499499499499962e+02,3.830923385436097561e+01
7.707407407407407618e+02,3.838732148915414655e+01
7.715315315315315274e+02,3.846548665544413836e+01
7.723223223223224068e+02,3.854372934527290795e+01
7.731131131131131724e+02,3.862204955067472412e+01
7.739039039039039380e+02,3.870044726367659393e+01
7.746946946946947037e+02,3.877892247629795008e+01
7.754854854854855830e+02,3.885747518055072192e+01
7.762762762762763487e+02,3.893610536843940650e+01
7.770670670670671143e+02,3.901481303196094785e+01
7.778578578578578799e+02,3.909359816310487901e+01
7.786486486486486456e+02,3.917246075385325099e+01
7.794394394394395249e+02,3.925140079618061861e+01
7.802302302302302905e+02,3.933041828205410440e+01
7.810210210210210562e+02,3.940951320343331332e+01
7.818118118118118218e+02,3.948868555227041810e+01
7.826026026026027012e+02,3.956793532051011653e+01
7.833933933933934668e+02,3.964726250008963859e+01
7.841841841841842324e+02,3.972666708293881044e+01
7.849749749749749981e+02,3.980614906097983408e+01
7.857657657657657637e+02,3.988570842612769951e+01
7.865565565565566430e+02,3.996534517028975841e+01
7.873473473473474087e+02,4.004505928536597992e+01
7.881381381381381743e+02,4.012485076324885824e+01
7.889289289289289400e+02,4.020471959582343402e+01
7.897197197197198193e+02,4.028466577496738665e+01
7.905105105105105849e+02,4.036468929255084248e+01
7.913013013013013506e+02,4.044479014043650267e+01
7.920920920920921162e+02,4.052496831047970716e+01
7.928828828828828819e+02,4.060522379452824993e+01
7.936736736736737612e+02,4.068555658442264900e+01
7.944644644644645268e+02,4.076596667199577695e+01
7.952552552552552925e+02,4.084645404907320909e+01
7.960460460460460581e+02,4.092701870747310977e+01
7.968368368368369374e+02,4.100766063900611869e+01
7.976276276276277031e+02,4.108837983547553563e+01
7.984184184184184687e+02,4.116917628867719259e+01
7.992092092092092344e+02,4.125004999039952480e+01
8.000000000000000000e+02,4.133100093242350681e+01
